<filetype binary="false" description="Python" name="Python">
  <highlighting>
    <options>
      <option name="LINE_COMMENT" value="#" />
      <option name="COMMENT_START" value="/*" />
      <option name="COMMENT_END" value="*/" />
      <option name="HEX_PREFIX" value="" />
      <option name="NUM_POSTFIXES" value="" />
      <option name="HAS_BRACES" value="true" />
      <option name="HAS_BRACKETS" value="true" />
      <option name="HAS_PARENS" value="true" />
      <option name="HAS_STRING_ESCAPES" value="true" />
    </options>
    <keywords keywords="admin;global;models;render;render_to_response;url" ignore_case="false" />
    <keywords2 keywords="False;None;True;request" />
    <keywords3 keywords="class;def;else;for;if;with" />
    <keywords4 keywords="%;=;and;break;from;import;in;or;return" />
  </highlighting>
  <extensionMap>
    <mapping pattern=".py" />
  </extensionMap>
</filetype>